-- Anelim.py - Version: 1.0.0
-- Script generated on sex, 24 nov 2017 20:03:52

INSERT INTO Suppliers(SupplierID,CompanyName,ContactName,ContactTitle,Address,City,Region,PostalCode,Country,Phone,Fax,HomePage) VALUES('259413790','Saepe tempora dolorum voluptate.
Earum soluta numquam et earum commodi fugiat. Adipisci atque aliquam culpa nihil voluptas quidem.
Similique necessitatibus reprehenderit consequatur deserunt similique placeat facilis. In ad sint dignissimos distinctio.','Aut adipisci explicabo tempore repellat.',NULL,'Unit 7673 Box 5278
DPO AE 95651','Ipsa debitis doloremque cupiditate eum omnis nemo.
Natus odit officiis tempore accusantium itaque aspernatur quae.','Quasi quod incidunt tenetur. Sint ducimus enim quae officia est magni. Hic suscipit quo atque.','Porro unde maxime.','Dolor aliquam dolorum corporis modi. Nobis voluptatem atque neque.','Assumenda.','Eaque omnis quos.',NULL);
INSERT INTO Suppliers(SupplierID,CompanyName,ContactName,ContactTitle,Address,City,Region,PostalCode,Country,Phone,Fax,HomePage) VALUES('568961018','Vero doloribus illo provident molestias perferendis. Natus quisquam ipsum harum cum consequatur maiores. Ipsam placeat necessitatibus modi incidunt ratione.','Facere illo voluptate unde.','Ab ut amet nihil. Consequatur totam deserunt doloribus. Enim enim nobis nostrum ad.','297 Flores Views Suite 733
Meghanport, DC 13515','Nobis est error odit placeat ratione.
Qui a debitis distinctio. Ullam reiciendis eum porro asperiores officia accusamus.','Dolorem eaque adipisci.','Nam atque suscipit.','Omnis veniam incidunt aliquam corrupti ipsum. Officiis iusto adipisci autem quaerat repellat ipsa.','Laudantium.','Nostrum.',NULL);
INSERT INTO Suppliers(SupplierID,CompanyName,ContactName,ContactTitle,Address,City,Region,PostalCode,Country,Phone,Fax,HomePage) VALUES('946097114','Repellendus praesentium est odit voluptatem officia similique. Neque quibusdam itaque libero ratione facere rerum impedit. Cum explicabo consectetur perspiciatis libero consequuntur.','Eligendi tenetur aliquam recusandae.',NULL,'50858 York Hollow
Josephview, FL 87214-3928','Explicabo quasi repellendus veniam occaecati facilis iure.
Mollitia porro ullam. Facilis voluptate ipsa vel exercitationem nam.','Laudantium aut iure. Fugit rem vitae pariatur velit.','Repudiandae rerum.','Ipsa perspiciatis ducimus non vitae illo sunt.',NULL,NULL,NULL);
INSERT INTO Suppliers(SupplierID,CompanyName,ContactName,ContactTitle,Address,City,Region,PostalCode,Country,Phone,Fax,HomePage) VALUES('2059706268','Amet rerum repudiandae quo eaque dolores. Quos neque nostrum itaque labore. Quisquam vitae in consectetur dolores adipisci repellendus placeat.
Tempore eum corrupti placeat iste voluptatibus numquam. A ad possimus. Quisquam pariatur ad magni unde.','Vel neque error qui voluptatibus minus.','Voluptatem aliquid dignissimos minima.','088 Henderson Mountains
Atkinsburgh, FM 37822-5256','Quaerat fugiat iusto dolorum. Magni quidem voluptatum iusto nesciunt id. Corporis corrupti mollitia blanditiis alias ipsam nobis cumque.','Quod quis reprehenderit.','Minus eveniet.','Consequuntur odit sit beatae. Est corrupti iste dignissimos quasi.
Iusto asperiores vel dolorum ipsum quam aut hic.',NULL,'A ex tenetur a esse.','Assumenda exercitationem earum minus molestias officiis. Unde sed facere aperiam amet veritatis. Doloremque eum harum sapiente nisi assumenda. Dolore eum natus cupiditate fugit.');
INSERT INTO Suppliers(SupplierID,CompanyName,ContactName,ContactTitle,Address,City,Region,PostalCode,Country,Phone,Fax,HomePage) VALUES('1358990717','Quidem totam ullam excepturi voluptatibus et vero.
Autem similique consequuntur vel ab. Vel facilis possimus hic aliquid.
Quasi iusto quas iusto dignissimos aperiam qui. Dolores sint tenetur harum. Nisi fugit in earum placeat dolor.','Ratione praesentium asperiores quod maiores.','Amet animi id sed eaque. Libero autem placeat magni unde magni.','831 Patel Crossroad Apt. 478
South Michelle, TN 50309','Consectetur dignissimos natus. Sint sint nostrum ratione sequi sapiente occaecati. Delectus suscipit sunt dolor laboriosam et earum.','A corrupti quae tenetur sed neque. Fuga placeat fuga quas tempore dolorem.','Eligendi impedit.','Sequi unde inventore ipsa iste quae earum. Iusto ipsam ipsam vel repellendus.','Delectus.','Ex molestiae itaque.','Repellendus eveniet itaque laborum harum aspernatur explicabo. Voluptate facere consectetur libero deserunt.
Temporibus modi ex. Quas iusto praesentium saepe odio. Consectetur error dignissimos.');
INSERT INTO Suppliers(SupplierID,CompanyName,ContactName,ContactTitle,Address,City,Region,PostalCode,Country,Phone,Fax,HomePage) VALUES('626088817','In sapiente repudiandae est iste laudantium nostrum saepe.
Quo possimus labore nesciunt similique magni dolorem expedita. Praesentium tempora ratione sapiente nihil. Vitae incidunt optio ipsum.','Reiciendis rerum quasi corporis.','Excepturi saepe debitis cupiditate eos nam.','890 Rachel Light Apt. 867
Thomasborough, SD 95651-8500','Nam inventore dicta animi nam.
Non fugiat accusantium ducimus aliquam. Facilis et mollitia.','Eligendi voluptates eum veritatis. Cupiditate totam explicabo aperiam.','Sequi facere unde.','Repudiandae possimus vitae.
Accusamus veniam similique laudantium cumque. Dolorem inventore nulla accusamus labore.',NULL,NULL,'Deleniti illo recusandae error voluptatem. Commodi ipsum sint ducimus sed expedita distinctio.
Debitis sunt ex eius odio magnam. Recusandae aperiam necessitatibus ut distinctio.');
INSERT INTO Suppliers(SupplierID,CompanyName,ContactName,ContactTitle,Address,City,Region,PostalCode,Country,Phone,Fax,HomePage) VALUES('1485077871','Eveniet maiores rerum necessitatibus quia ducimus. Ipsam a enim voluptatibus eos omnis.
Accusantium ea molestiae mollitia voluptatum sequi voluptatem. Consectetur sed fugiat error. Rem natus dolores dolorem dolorem culpa repellendus.','Deleniti minima iure voluptate placeat est quas.','Dicta omnis eligendi laboriosam odio architecto quas. Ad ratione quo explicabo nobis vero.','USNS Phelps
FPO AE 03221-6763','Iste totam neque suscipit modi porro. Consequatur eligendi voluptas laborum officiis nemo. Veniam iste a.','Nulla sint eum asperiores ex saepe illo itaque. Eos dignissimos sed facere.','Pariatur recusandae.','Et cumque iusto.','Id atque nam.','Temporibus.',NULL);
INSERT INTO Suppliers(SupplierID,CompanyName,ContactName,ContactTitle,Address,City,Region,PostalCode,Country,Phone,Fax,HomePage) VALUES('1390344715','Perspiciatis est dolore voluptatibus quod accusantium. Animi ullam assumenda repellendus expedita. Tempore eligendi impedit architecto.
Maxime asperiores assumenda magni nisi architecto voluptates provident. Fugit quis quasi facilis esse.','Quasi numquam ducimus impedit modi aut sapiente.','Aspernatur dolorem quo. Minus sunt harum itaque mollitia.','USNV Oneal
FPO AP 87032','Numquam perferendis ex temporibus.
Ipsa odit aspernatur occaecati illum eaque.','Voluptatem voluptatibus nisi quisquam mollitia. Praesentium nulla sint explicabo aliquid.','Deleniti eos odit.','Nemo dolorum illo fuga blanditiis dolorum esse. Ad incidunt debitis porro laborum rerum eveniet.',NULL,NULL,NULL);
INSERT INTO Suppliers(SupplierID,CompanyName,ContactName,ContactTitle,Address,City,Region,PostalCode,Country,Phone,Fax,HomePage) VALUES('1149871007','Cum dignissimos error dolor. Sequi quibusdam quibusdam tempore. Quam laudantium mollitia cumque porro inventore repudiandae tempora.
Eum pariatur laborum officia. Impedit suscipit quo quidem. Ut sit repellendus ad aspernatur nostrum dolorum.','Accusantium consequatur officiis eius numquam.',NULL,'484 Henderson Views Suite 723
Stevehaven, FM 54551-1396','Vero cupiditate incidunt modi expedita sequi nostrum dolorum. Quisquam quia qui placeat dolorem necessitatibus. Ipsam labore maiores fugit.','Dolorum ipsam facilis dicta earum exercitationem harum quia.','Maiores non facilis.','Hic necessitatibus mollitia quaerat. Numquam quasi explicabo neque. Architecto reprehenderit laudantium incidunt.','Sapiente.','Temporibus.',NULL);
INSERT INTO Suppliers(SupplierID,CompanyName,ContactName,ContactTitle,Address,City,Region,PostalCode,Country,Phone,Fax,HomePage) VALUES('1368681267','Enim nostrum cupiditate modi soluta perspiciatis. Quasi saepe saepe voluptates. Ut distinctio laborum voluptas doloremque in cum dignissimos.','Voluptas placeat illo laborum ratione.','Distinctio eum quisquam. Nisi quibusdam reiciendis quasi veritatis esse.','79095 Simon Meadow Apt. 944
East Jodi, WA 70191','Temporibus non dicta temporibus enim. Placeat ullam veritatis. Dicta necessitatibus voluptatem accusantium consequuntur similique.','Ipsa delectus ea nostrum. Doloremque consequuntur esse voluptatem ex nobis.','Qui exercitationem.','Repellendus voluptas natus architecto praesentium. Voluptatem est minima necessitatibus iste.',NULL,NULL,'Eligendi voluptatum iusto aliquam aliquid consequuntur ea. Fugit harum voluptate provident nostrum dignissimos. Deleniti quam maxime hic quam animi fuga.');

INSERT INTO Categories(CategoryID,CategoryName,Description,Picture) VALUES('2131589274','Quas animi repudiandae ex.
Beatae eos temporibus dolorem reprehenderit debitis rem. Quo sint temporibus. Vel quia quisquam esse ipsum sapiente.
Fuga eligendi ipsum odit ipsa quas optio. Aliquid magnam similique asperiores quis.',NULL,'Harum ducimus perferendis itaque eos temporibus. Ad voluptate vitae molestias incidunt alias cum.');
INSERT INTO Categories(CategoryID,CategoryName,Description,Picture) VALUES('1220210700','Eaque inventore libero excepturi ratione blanditiis. Officiis doloremque voluptates facilis reprehenderit labore facilis. Cupiditate necessitatibus odio nisi magnam delectus mollitia.',NULL,'Esse cum qui harum eaque dolores. Inventore itaque hic culpa sint nihil minima.');
INSERT INTO Categories(CategoryID,CategoryName,Description,Picture) VALUES('530421727','Sapiente iure nobis. Illo laudantium quasi in itaque molestias. Laborum inventore vel officiis expedita.
Ad perspiciatis totam dolorum. Odit saepe molestias est veniam voluptatibus. Beatae amet modi repudiandae voluptatum distinctio.',NULL,NULL);
INSERT INTO Categories(CategoryID,CategoryName,Description,Picture) VALUES('685376526','Aperiam expedita consectetur deserunt. Modi quas debitis. Veritatis magni cum ut. Aspernatur inventore qui necessitatibus beatae neque.
Saepe in doloribus dolor nihil expedita illo. Ea voluptatem aperiam eaque deleniti.',NULL,'Impedit quos error dicta consequatur officiis eum. Totam eaque quidem facere velit beatae.');
INSERT INTO Categories(CategoryID,CategoryName,Description,Picture) VALUES('1927551480','Eaque repellendus quasi porro officia architecto doloremque. Omnis alias non voluptate iste illum soluta.
Deserunt sint quaerat ipsam ratione. Eligendi cumque alias inventore. Illo consequuntur blanditiis enim mollitia eum modi. Ab dolorum aliquid sit.',NULL,NULL);
INSERT INTO Categories(CategoryID,CategoryName,Description,Picture) VALUES('1233773825','Aspernatur nemo eveniet quaerat distinctio. Accusamus ratione reiciendis atque quisquam suscipit cumque non.
Quaerat laborum architecto esse aspernatur in. Quasi incidunt voluptas et libero numquam possimus.',NULL,'Voluptate veritatis commodi nemo voluptate dignissimos alias.');
INSERT INTO Categories(CategoryID,CategoryName,Description,Picture) VALUES('223681407','Eos sed aliquam rerum. Ipsum neque repellat neque laboriosam minima velit.
Saepe ipsam quos quis. Porro culpa dolor incidunt excepturi odit. Quos consequatur aperiam temporibus.','Molestiae atque atque quaerat inventore tempore iusto dicta. Iusto nihil officiis. Iusto expedita quis explicabo fugiat. Similique beatae quia nihil debitis.
Eaque sint asperiores sit expedita ullam. Atque vitae et eveniet.','Autem ad beatae beatae. Ipsa ad vero laboriosam rerum consequatur. Nam sequi iste non.');
INSERT INTO Categories(CategoryID,CategoryName,Description,Picture) VALUES('1657936354','Quis sunt illum quod blanditiis quam. Ad unde odio maiores nesciunt voluptatum omnis. Quisquam facilis beatae rem.
Veniam commodi quod eius sapiente voluptatibus est. Animi eius quos similique voluptatem natus dolorum. Nobis minima voluptas esse.',NULL,'Dolorem ducimus alias delectus. Cumque expedita id debitis tempore libero rerum.');
INSERT INTO Categories(CategoryID,CategoryName,Description,Picture) VALUES('1225449427','Doloribus error laboriosam delectus fuga. Ut sapiente hic at corporis. Dicta ut provident numquam. Nostrum sequi beatae.
Laudantium vitae corporis veniam vitae cupiditate reprehenderit.','Alias laudantium soluta facilis pariatur nostrum. Ipsum labore necessitatibus.','Unde minus deleniti ipsam.');
INSERT INTO Categories(CategoryID,CategoryName,Description,Picture) VALUES('1822050267','Natus est esse dolorem molestias. Voluptatibus amet magni fuga.
Sequi consequuntur perspiciatis. Praesentium perferendis architecto blanditiis. Quibusdam similique dolores modi animi.
Placeat beatae fuga optio aut alias. Nobis nam quasi ex molestias.',NULL,'Id excepturi ab et. Pariatur culpa ipsum nemo pariatur excepturi.');

INSERT INTO Products(ProductID,SupplierID,CategoryID,QuantityPerUnit,UnitPrice,UnitsInStock,UnitsOnOrder,ReorderLevel,Discontinued) VALUES('1101738411','568961018','626088817','213391689','114261.338585','1487453037','1738398304','1895013508','1');
INSERT INTO Products(ProductID,SupplierID,CategoryID,QuantityPerUnit,UnitPrice,UnitsInStock,UnitsOnOrder,ReorderLevel,Discontinued) VALUES('1973156887','946097114','626088817','721504768','78851.5597251','1324160712','1169825701',NULL,'0');
INSERT INTO Products(ProductID,SupplierID,CategoryID,QuantityPerUnit,UnitPrice,UnitsInStock,UnitsOnOrder,ReorderLevel,Discontinued) VALUES('1725920598','259413790','259413790','1962682252','113590.457534','1668306810','714311440',NULL,'0');
INSERT INTO Products(ProductID,SupplierID,CategoryID,QuantityPerUnit,UnitPrice,UnitsInStock,UnitsOnOrder,ReorderLevel,Discontinued) VALUES('933387484','626088817','626088817','856358677','32639.590997','1980278900','1984181370','1695323496','1');
INSERT INTO Products(ProductID,SupplierID,CategoryID,QuantityPerUnit,UnitPrice,UnitsInStock,UnitsOnOrder,ReorderLevel,Discontinued) VALUES('568661343','1358990717','568961018','2130303113','122416.41113','1240951786','657100231',NULL,'1');
INSERT INTO Products(ProductID,SupplierID,CategoryID,QuantityPerUnit,UnitPrice,UnitsInStock,UnitsOnOrder,ReorderLevel,Discontinued) VALUES('283167247','1358990717','1390344715','45583914','44288.5256459','1249854539','1816951006',NULL,'1');
INSERT INTO Products(ProductID,SupplierID,CategoryID,QuantityPerUnit,UnitPrice,UnitsInStock,UnitsOnOrder,ReorderLevel,Discontinued) VALUES('521515898','1358990717','568961018','510370010','107334.257758','2018931579','275853196','1125401881','0');
INSERT INTO Products(ProductID,SupplierID,CategoryID,QuantityPerUnit,UnitPrice,UnitsInStock,UnitsOnOrder,ReorderLevel,Discontinued) VALUES('110537897','1390344715','568961018','974137666','105722.357619','775471481','1141451891','185189097','1');
INSERT INTO Products(ProductID,SupplierID,CategoryID,QuantityPerUnit,UnitPrice,UnitsInStock,UnitsOnOrder,ReorderLevel,Discontinued) VALUES('2104300100','1149871007','1485077871','702652944','52441.7497132','1428001956','1631536537',NULL,'1');
INSERT INTO Products(ProductID,SupplierID,CategoryID,QuantityPerUnit,UnitPrice,UnitsInStock,UnitsOnOrder,ReorderLevel,Discontinued) VALUES('363256205','1149871007','1149871007','625346952','17269.3978556','1715747754','1227568179','573140295','1');
INSERT INTO Products(ProductID,SupplierID,CategoryID,QuantityPerUnit,UnitPrice,UnitsInStock,UnitsOnOrder,ReorderLevel,Discontinued) VALUES('605675378','626088817','946097114','611131988','21561.5898215','1595454853','1957667085',NULL,'1');
INSERT INTO Products(ProductID,SupplierID,CategoryID,QuantityPerUnit,UnitPrice,UnitsInStock,UnitsOnOrder,ReorderLevel,Discontinued) VALUES('1512192714','946097114','259413790','1195981484','108370.99326','358166039','1620957418',NULL,'0');
INSERT INTO Products(ProductID,SupplierID,CategoryID,QuantityPerUnit,UnitPrice,UnitsInStock,UnitsOnOrder,ReorderLevel,Discontinued) VALUES('418756786','2059706268','259413790','162083862','30950.8731903','485778377','1516893873','1678132470','1');
INSERT INTO Products(ProductID,SupplierID,CategoryID,QuantityPerUnit,UnitPrice,UnitsInStock,UnitsOnOrder,ReorderLevel,Discontinued) VALUES('347636661','259413790','2059706268','2016520098','62406.1892175','1285721673','450877910','1354554100','1');
INSERT INTO Products(ProductID,SupplierID,CategoryID,QuantityPerUnit,UnitPrice,UnitsInStock,UnitsOnOrder,ReorderLevel,Discontinued) VALUES('928469625','1149871007','1368681267','1190101805','106292.431828','1678351977','94612103',NULL,'1');

INSERT INTO Employees(EmployeeID,LastName,FirstName,Title,TitleOfCourtesy,BirthDate,HireDate,Address,City,Region,PostalCode,Country,HomePhone,Extension,Photo,Notes,ReportsTo) VALUES('1039022025',NULL,'Consectetur fugiat iste officia.','Totam laborum magnam laboriosam. Explicabo nam aperiam.',NULL,'2014-09-14','1991-02-05','22862 Mathis Run Suite 627
Saunderston, SC 05481','Excepturi quos ab quia voluptatum iure odio soluta. Quo atque excepturi rerum officiis.
Quia tenetur labore odit vero.','Culpa quidem ea dolore.','Facilis magnam.','Et laboriosam quos voluptas pariatur minus. Exercitationem cumque distinctio quis.',NULL,'Labore cum sunt laborum.','Suscipit voluptate commodi eveniet velit.','Tempore pariatur beatae architecto itaque voluptates. Eius animi eaque tempore dolor. Quae molestiae voluptatem voluptatem itaque repellat.
Quasi perspiciatis magnam nihil doloremque. Sapiente nam facilis rerum suscipit harum.','Aperiam cumque consectetur quis.');
INSERT INTO Employees(EmployeeID,LastName,FirstName,Title,TitleOfCourtesy,BirthDate,HireDate,Address,City,Region,PostalCode,Country,HomePhone,Extension,Photo,Notes,ReportsTo) VALUES('142129338',NULL,'Laborum sed nulla labore.','Id libero officiis delectus. Earum quo quod facere nostrum consequatur dolorem optio.','Molestias voluptas unde amet et corrupti.','1981-06-13','2012-09-02','8299 Moss Wells Suite 548
Wesleystad, PR 98828','Eos maxime cumque nobis porro blanditiis saepe atque. Dicta quidem facilis excepturi eius. Fugit pariatur nemo expedita rerum.','Quod debitis tenetur totam provident sunt quasi. Accusamus mollitia blanditiis quod.','Doloribus maiores.','Eligendi rem harum enim perspiciatis inventore. Deserunt dolor illum corporis rem doloremque. Est numquam magni.',NULL,'Qui nam ea molestiae.',NULL,NULL,'Eos vero incidunt dolore minima provident quo.');
INSERT INTO Employees(EmployeeID,LastName,FirstName,Title,TitleOfCourtesy,BirthDate,HireDate,Address,City,Region,PostalCode,Country,HomePhone,Extension,Photo,Notes,ReportsTo) VALUES('760324112','Ut voluptatem quasi excepturi sit quisquam.','Eius deleniti ullam fuga commodi voluptatum quam.','Libero ullam laboriosam nam molestiae labore.','Reiciendis dolores cupiditate corrupti. Odio amet voluptates praesentium.','2001-06-28',NULL,'USS Cunningham
FPO AE 88669','Assumenda expedita nisi. Enim sunt ullam eaque.
Fugiat similique porro quis. Nulla temporibus magnam autem labore.','Odio praesentium aperiam consequatur repellat dolore.','Maiores fugiat.','Odio accusamus eligendi natus voluptatibus. Nam eius tenetur nulla.',NULL,NULL,NULL,NULL,'Provident repellat vitae ducimus.');
INSERT INTO Employees(EmployeeID,LastName,FirstName,Title,TitleOfCourtesy,BirthDate,HireDate,Address,City,Region,PostalCode,Country,HomePhone,Extension,Photo,Notes,ReportsTo) VALUES('2021237374',NULL,'Iusto laboriosam ex reiciendis iure.','Quas ullam nostrum in earum libero. Est consequuntur ea delectus odio ipsum.',NULL,'1984-08-24',NULL,'1465 Hicks Club
Elizabethland, TX 97730','Eaque sapiente quisquam dolorum. Quod deleniti neque incidunt aliquam recusandae. Pariatur velit a.','Molestias iusto laborum cumque voluptates. Possimus illo in.','Ducimus repellendus.','Error eligendi repellat repellendus non occaecati. Sapiente consequatur quibusdam. Perferendis autem quo accusantium.','Error est.','Vitae amet hic minima.',NULL,'Nemo excepturi doloribus architecto quod magni maiores.
Repellendus repellat voluptatum quaerat illo. Ullam necessitatibus numquam occaecati temporibus.
Unde commodi quas quibusdam iusto.',NULL);
INSERT INTO Employees(EmployeeID,LastName,FirstName,Title,TitleOfCourtesy,BirthDate,HireDate,Address,City,Region,PostalCode,Country,HomePhone,Extension,Photo,Notes,ReportsTo) VALUES('1213052522',NULL,'Porro odit placeat tenetur aliquam.','Assumenda saepe voluptatem.
Nesciunt repellat dignissimos blanditiis quae. Amet officiis hic.','Repellat laboriosam magni esse ipsa. Sit totam dolores eum quidem fugiat fugiat.','1997-01-04','2001-04-22','460 Oconnell Junctions Apt. 030
South Stuart, OK 84364','Delectus omnis assumenda porro ab rerum. Explicabo ratione reiciendis.','Nisi sint voluptate amet. Iste aspernatur omnis neque.','Occaecati fugiat.','Incidunt ut dolorem quas fuga. Ducimus debitis molestiae alias.',NULL,'Sunt deleniti ipsa.','Ipsam omnis quod vel.',NULL,NULL);
INSERT INTO Employees(EmployeeID,LastName,FirstName,Title,TitleOfCourtesy,BirthDate,HireDate,Address,City,Region,PostalCode,Country,HomePhone,Extension,Photo,Notes,ReportsTo) VALUES('2039434336','Molestias similique temporibus.','Eum itaque nobis reiciendis inventore minima.','Earum et ipsam deleniti praesentium laborum quaerat delectus. Facere reprehenderit porro veniam.',NULL,'1981-12-12','2003-08-14','7106 Bush Forge Suite 830
Patrickborough, NH 81963','Vitae optio voluptate quasi omnis odio.','Eligendi quis officia sit. Inventore aliquid recusandae.','Consequuntur.','Beatae quo vero voluptate. Sunt culpa labore inventore ipsam nobis.','Itaque sint.',NULL,NULL,'Modi commodi eveniet nostrum labore. Necessitatibus impedit aliquid esse adipisci error.
Autem illum dolorem aut assumenda aperiam. Expedita et eius mollitia asperiores recusandae. Esse hic in expedita ea.','Sunt dolorum animi atque.');
INSERT INTO Employees(EmployeeID,LastName,FirstName,Title,TitleOfCourtesy,BirthDate,HireDate,Address,City,Region,PostalCode,Country,HomePhone,Extension,Photo,Notes,ReportsTo) VALUES('416467429','Impedit laborum ex sequi in aut exercitationem.','Fugiat totam molestiae deserunt molestias.','Ipsa optio dolor rem. Similique quis corporis vel.','Sunt molestiae libero. Minima voluptas nulla repellat est. Esse officia voluptatem.','1978-10-27',NULL,'276 Rachel Well
Hoffmanborough, DC 47478','Est nostrum quis voluptatem voluptates maiores fugiat. Tempore alias asperiores. Qui optio praesentium necessitatibus nobis.','Odit repudiandae sapiente eveniet magni. Eligendi ipsam inventore.','Optio quibusdam.','Unde quaerat hic dignissimos sequi excepturi quae cum.','Et voluptatem.','Sed possimus iusto a.',NULL,'Quam consequuntur itaque. Ut cum saepe quidem. Praesentium iure beatae repellendus nemo fuga voluptate.
Provident dolorem veritatis minima nam. Et occaecati nam.
Rerum optio iure sit.
Eaque harum modi ipsa.',NULL);
INSERT INTO Employees(EmployeeID,LastName,FirstName,Title,TitleOfCourtesy,BirthDate,HireDate,Address,City,Region,PostalCode,Country,HomePhone,Extension,Photo,Notes,ReportsTo) VALUES('518838518','Nisi totam natus autem sit esse eius nihil.','Error deserunt qui pariatur doloribus facilis.','Voluptatibus voluptate illum error debitis expedita.',NULL,'1973-04-28',NULL,'531 Johnson Crossing
Kramerside, WA 65840-8728','Unde fugiat veniam laboriosam dicta nobis atque commodi. Veniam perferendis suscipit doloribus animi numquam.','Ipsum doloremque ab ducimus sapiente at nisi. Quaerat delectus dolores esse.','Vero vero ipsa fuga.','Ipsum cumque minima sint ipsam iusto fuga. Aliquid debitis blanditiis.',NULL,NULL,NULL,'Blanditiis non tenetur minus. Maiores velit fugit commodi repellendus necessitatibus. Ex asperiores amet similique debitis dolorum molestias.
Ab dicta vel ducimus. Perspiciatis sint deserunt necessitatibus mollitia.','Maiores pariatur quae totam dicta totam.');
INSERT INTO Employees(EmployeeID,LastName,FirstName,Title,TitleOfCourtesy,BirthDate,HireDate,Address,City,Region,PostalCode,Country,HomePhone,Extension,Photo,Notes,ReportsTo) VALUES('1953310962','Quae tempora sed ratione nemo cumque illo eos.','Saepe quae quos.','Provident quos consectetur cum illo dolor. Voluptates quis numquam error.',NULL,'1988-03-05','2014-12-22','072 Jenna Groves
South Shauntown, CT 71218','Mollitia quisquam repellat sint. Nihil reiciendis at nihil enim.','Cupiditate perspiciatis enim dolores amet. Totam recusandae impedit voluptate aliquam.','Non at laborum id.','Non repudiandae qui ex minus quia. Molestiae saepe vel recusandae. Rerum ut accusantium quam soluta.',NULL,NULL,'Quod iusto nam.','Magni in nemo alias suscipit ad. Velit quisquam dolore quaerat a quisquam.
Placeat quasi eum debitis magni libero odio. Eos vel commodi quibusdam maiores nam sit ex.',NULL);
INSERT INTO Employees(EmployeeID,LastName,FirstName,Title,TitleOfCourtesy,BirthDate,HireDate,Address,City,Region,PostalCode,Country,HomePhone,Extension,Photo,Notes,ReportsTo) VALUES('891567755','Occaecati iusto aperiam in animi.','Voluptate enim cum.','Dignissimos natus fuga repudiandae recusandae doloribus. Quo maiores quasi cupiditate.','Autem soluta numquam non esse sapiente voluptatibus. Alias soluta quasi laborum.','2013-01-27',NULL,'17272 Hammond Square
South Laurie, PR 90496-3566','Adipisci cumque recusandae id corporis. Minima harum laboriosam rem.
Sed velit rerum et commodi quisquam. Ut ut eaque deserunt cumque dolor eligendi.','Sint sed veritatis. Possimus reiciendis ex ipsam eum sunt veniam dicta.','Ducimus itaque nam.','Possimus temporibus nesciunt tenetur dolorum. Vitae animi repellat error.',NULL,'Sint rem assumenda.',NULL,'Corrupti non accusamus soluta est officia. Aliquam fugit a est nihil enim. Voluptas quam nam omnis quibusdam.
Sunt eos sed repellendus. Ea error molestias dicta repellendus quia corporis. Nobis est excepturi. Rerum ducimus maxime ad nihil error iste.','Cumque laudantium distinctio iusto quia odit.');
INSERT INTO Employees(EmployeeID,LastName,FirstName,Title,TitleOfCourtesy,BirthDate,HireDate,Address,City,Region,PostalCode,Country,HomePhone,Extension,Photo,Notes,ReportsTo) VALUES('733863739','Illo porro alias autem.','Id pariatur voluptatibus temporibus minima.','Inventore earum deleniti quaerat. Quas impedit saepe delectus.',NULL,'1989-05-24',NULL,'91162 Noble Plains Apt. 648
West Andreview, ND 60716-1862','Illo sunt suscipit explicabo veniam quae deleniti. Laborum qui earum.','Maiores atque deserunt ex modi. Saepe voluptatibus natus debitis magnam.','Cumque explicabo.','Aliquid quaerat incidunt omnis possimus labore vitae natus. Sint voluptatem quo eligendi reprehenderit.',NULL,'Eaque quis reiciendis.',NULL,'Eius impedit quas consequuntur. Sint facere ab nisi similique eius itaque.
Dicta earum facilis ea eveniet.
Eveniet sunt pariatur minima.','Molestiae alias molestiae culpa occaecati.');
INSERT INTO Employees(EmployeeID,LastName,FirstName,Title,TitleOfCourtesy,BirthDate,HireDate,Address,City,Region,PostalCode,Country,HomePhone,Extension,Photo,Notes,ReportsTo) VALUES('1209217624',NULL,'Corrupti hic eaque hic.','Ducimus molestiae quo corporis. Magnam fuga laborum ipsum autem porro quisquam qui.','Totam eligendi nulla eum quis iusto. Blanditiis alias id ex nulla illum impedit. Optio at velit.','2005-09-13',NULL,'3002 Lisa Spurs Suite 594
Debramouth, AS 79027','Eius voluptas modi quis ex quibusdam vitae quidem.
Assumenda ab itaque. Recusandae maxime dolorem odio alias.','Officiis nesciunt impedit dolor vero. Ullam dolorem deleniti dignissimos at et provident.','Adipisci porro enim.','Saepe earum aliquam adipisci vitae aspernatur. Numquam similique sint molestiae aspernatur aliquid.',NULL,NULL,'Suscipit aperiam reiciendis eum.',NULL,'Corrupti enim nesciunt laboriosam.');
INSERT INTO Employees(EmployeeID,LastName,FirstName,Title,TitleOfCourtesy,BirthDate,HireDate,Address,City,Region,PostalCode,Country,HomePhone,Extension,Photo,Notes,ReportsTo) VALUES('1633659664','Dicta magnam ab.','Molestiae soluta deleniti dolores voluptatibus.','Ad optio nihil odio. Magni animi est quos nostrum enim. Ad sapiente officia veniam sint.','Amet repellat veniam excepturi tempore dolore ducimus. Laboriosam inventore dignissimos illum.','2006-08-20',NULL,'8454 Roberts Avenue Suite 605
South Michael, TN 15124','Nobis quis error reiciendis sunt fuga. Odit necessitatibus veritatis. Libero consectetur aperiam non autem.','Facere similique numquam dignissimos sed. Explicabo ipsam id esse doloremque.','Natus beatae ab.','Culpa quasi dolores aspernatur temporibus facere. Impedit nobis alias nihil.',NULL,NULL,'Ratione eligendi provident voluptatibus officia.',NULL,'Praesentium sequi assumenda quis itaque aliquid.');
INSERT INTO Employees(EmployeeID,LastName,FirstName,Title,TitleOfCourtesy,BirthDate,HireDate,Address,City,Region,PostalCode,Country,HomePhone,Extension,Photo,Notes,ReportsTo) VALUES('2088954449','Quibusdam deserunt tempora.','Sequi sequi autem possimus reiciendis.','Distinctio temporibus nemo aliquam veniam eveniet quo. Mollitia esse possimus ut eius ab.',NULL,'1986-03-10','1983-02-24','52764 Young Via
South Christophermouth, WY 57830','Cumque doloremque doloribus.
Perferendis repudiandae nemo cumque. Cupiditate aliquid inventore.','Ratione sit nulla non veritatis earum voluptas. Quasi repudiandae tempore animi nam.','Quidem vel tenetur.','Officia at sapiente officiis voluptatibus. Expedita dicta aperiam ipsum accusamus nostrum ipsam numquam.',NULL,'Maxime non facere.',NULL,NULL,NULL);
INSERT INTO Employees(EmployeeID,LastName,FirstName,Title,TitleOfCourtesy,BirthDate,HireDate,Address,City,Region,PostalCode,Country,HomePhone,Extension,Photo,Notes,ReportsTo) VALUES('1095104011','Sed quis minus odio ipsa molestias.','Ipsam asperiores nesciunt reiciendis.','Impedit praesentium enim sapiente.
Aperiam et odio reiciendis et.',NULL,'1993-12-26','2009-02-11','96328 Yvonne Rue Suite 852
New Richard, VA 76106-5424','Quam voluptates magnam ipsa. Provident quibusdam praesentium minus perspiciatis repellendus.
Ipsa perferendis magni.','Cum sed perspiciatis reiciendis aliquid quo. Quos veniam ea rerum.','Sequi repellat.','Numquam libero porro sapiente. Distinctio a distinctio.',NULL,NULL,'Culpa tempore ipsam odio.','Enim dolorum vero.
Dignissimos esse consequuntur. Aut magni veniam pariatur possimus repellendus. Aliquam ut quo quasi dignissimos.
Ea quasi optio voluptatum minus id aut. Deserunt veritatis iusto iste libero. Ab nemo ipsa saepe qui nemo labore.',NULL);
INSERT INTO Employees(EmployeeID,LastName,FirstName,Title,TitleOfCourtesy,BirthDate,HireDate,Address,City,Region,PostalCode,Country,HomePhone,Extension,Photo,Notes,ReportsTo) VALUES('1595688822','Sit distinctio perspiciatis provident.','Quam odit ullam officiis debitis.','Accusamus fugit ratione enim animi.','Aliquam inventore corporis illum. Eius numquam illo. Alias necessitatibus illum iste.','1975-07-14',NULL,'USNS Ford
FPO AA 33247','Repellat totam vel aperiam dolorem excepturi rem facere. Accusantium aspernatur facere minus blanditiis ab quo. Atque eos animi repellat nobis hic.','Nihil debitis laborum repellendus vero veritatis consectetur. Possimus eos blanditiis. Ut iure aut.','Omnis omnis.','Quas eum dolore perspiciatis eligendi quisquam voluptate. Corrupti autem ut tenetur consequatur esse similique ab.',NULL,'Optio ipsa rem qui.',NULL,NULL,'Eius aliquid modi officia alias aliquam saepe.');
INSERT INTO Employees(EmployeeID,LastName,FirstName,Title,TitleOfCourtesy,BirthDate,HireDate,Address,City,Region,PostalCode,Country,HomePhone,Extension,Photo,Notes,ReportsTo) VALUES('981913544',NULL,'Aperiam nobis corrupti sapiente quidem nihil.','Fugiat quod consequuntur corrupti cumque.','Inventore commodi quibusdam sed nihil harum. Similique incidunt sunt enim.','1975-04-16',NULL,'USCGC Crane
FPO AE 86204','Atque ullam quisquam animi nesciunt. Doloremque illum cum quia officiis alias. Illo fuga enim ea dolor.','Aliquid ipsa tempore. Delectus possimus error id.','Voluptates error.','Similique nemo odit sint laborum maiores soluta. Quos est est at earum.','Eaque.',NULL,'Placeat nulla eum recusandae voluptatem.',NULL,'Soluta eos et facilis quisquam non.');
INSERT INTO Employees(EmployeeID,LastName,FirstName,Title,TitleOfCourtesy,BirthDate,HireDate,Address,City,Region,PostalCode,Country,HomePhone,Extension,Photo,Notes,ReportsTo) VALUES('1735113566','Totam amet perspiciatis modi enim.','Libero voluptatibus dolorem qui dolor eius.','Minus ducimus exercitationem atque.',NULL,'1991-12-13','2009-11-20','49774 Shawn Common Suite 250
East Matthewview, FM 87010-9457','Quisquam consectetur distinctio molestias sunt delectus. Dolores laudantium nemo blanditiis earum. Magnam impedit aspernatur.','Cum sint cupiditate autem libero sunt officiis. Deleniti enim voluptates ea debitis.','In porro blanditiis.','Quisquam aliquid fugiat laborum.',NULL,NULL,NULL,'Quod voluptas earum culpa nam beatae magni. Tenetur laborum inventore. Atque aperiam nostrum cupiditate.
Quis sequi temporibus officia repudiandae accusantium. Natus quod dicta similique dolor cupiditate.','Quam numquam vitae ipsam earum sit magnam.');
INSERT INTO Employees(EmployeeID,LastName,FirstName,Title,TitleOfCourtesy,BirthDate,HireDate,Address,City,Region,PostalCode,Country,HomePhone,Extension,Photo,Notes,ReportsTo) VALUES('950039725','Unde illo quod saepe quod molestiae nulla.','Libero pariatur molestias ea dicta.','Mollitia occaecati nihil perspiciatis voluptate minus facere asperiores.','Aliquid totam et ut repudiandae quidem maiores. Fugit expedita eveniet deserunt illo labore iure.','2010-07-27',NULL,'6534 King Trail
Lake Lauren, SD 87371-3144','Eligendi eaque nam minima mollitia. Soluta maiores repellat similique.
Ex iste dolores eveniet quibusdam vero. Quisquam vel non quasi odit.','A fugit doloremque. Cumque iste commodi cupiditate.','Aut modi.','Hic voluptates libero. Vero iste fugiat rem quod.',NULL,'Ipsa placeat natus eum.',NULL,NULL,NULL);
INSERT INTO Employees(EmployeeID,LastName,FirstName,Title,TitleOfCourtesy,BirthDate,HireDate,Address,City,Region,PostalCode,Country,HomePhone,Extension,Photo,Notes,ReportsTo) VALUES('1885503119','Autem ratione dolorem.','Possimus perferendis quisquam animi.','Ullam recusandae totam rem. Soluta eligendi facilis eligendi.','Sed maxime reiciendis consequatur. Aliquam possimus rem hic quam.','2014-08-30','1999-07-04','USNV Cooley
FPO AP 23976-3973','Doloribus ullam dolorum. Aspernatur exercitationem neque exercitationem est.','Repellendus aliquam eaque. Sapiente quaerat labore modi ipsa est et.','Sapiente facere.','Eum facilis iusto esse. Magnam a quam distinctio facilis explicabo reiciendis. Minus iure recusandae animi.','Quo voluptatum.','Unde eum unde eum.',NULL,'Ut quisquam hic nisi placeat. Quam provident nihil a aperiam facilis molestias neque. Distinctio voluptate eligendi ab excepturi.
Expedita nostrum repellat enim alias. Ducimus veritatis quidem dicta fugiat mollitia. Aliquam iste illo nostrum nostrum.',NULL);

INSERT INTO Customers(CustomerID,CompanyName,ContactName,ContactTitle,Picture,Address,City,Region,PostalCode,Country,Phone,Fax) VALUES('459991177','Ab expedita eos blanditiis similique. Maiores cumque eaque earum repellat itaque a.','Eius ea consectetur accusamus nihil consequuntur impedit. Eaque architecto quis repellat. Quia rem consectetur doloremque quas eos fugiat. Sunt dolorem veniam consequatur totam.',NULL,'Unde laboriosam alias soluta fugit dolorum.','USNS Harrison
FPO AP 73008','Eos fugiat inventore deleniti enim culpa. Repellendus amet officiis molestias.
Optio beatae eius.','Repellat ab laboriosam. Delectus alias assumenda commodi. Cupiditate nemo repellendus neque.','Voluptatum hic.','Veritatis dolore porro non perspiciatis. Saepe incidunt expedita.','Autem.',NULL);
INSERT INTO Customers(CustomerID,CompanyName,ContactName,ContactTitle,Picture,Address,City,Region,PostalCode,Country,Phone,Fax) VALUES('719783245','Libero aspernatur alias quos tenetur distinctio. Modi distinctio excepturi repellat error numquam non. Accusantium culpa incidunt vel perferendis distinctio.','Officia magni repellat perspiciatis maiores quam.
Fuga aperiam ex accusantium. Quo doloremque ratione eveniet quibusdam porro.
Possimus perferendis dolore illo corporis nam assumenda facilis. Quae hic et totam. Voluptas incidunt ab explicabo ratione.','Est esse odio culpa quod.
Magni officia cumque. Porro commodi nobis.
Deserunt accusantium earum neque molestias. Saepe aliquam laudantium.
Sit sunt ex expedita atque omnis quasi.','Iusto nostrum ab nam.','630 Linda Mission Apt. 863
Bradfordfurt, NE 87192','Exercitationem molestias soluta sit eligendi consectetur natus. Nulla sunt nemo. Adipisci labore repudiandae dolore cupiditate.','Cum provident consequuntur soluta nam.','Inventore fugit.','Consequuntur numquam minus iure voluptatum. Nihil laudantium voluptates natus ut natus.','Architecto.','Aliquid error.');
INSERT INTO Customers(CustomerID,CompanyName,ContactName,ContactTitle,Picture,Address,City,Region,PostalCode,Country,Phone,Fax) VALUES('160846470','Nobis enim velit nostrum mollitia explicabo. Aspernatur soluta quae non sunt.
Minus saepe dignissimos temporibus blanditiis quidem placeat. Maxime ducimus inventore tenetur veniam esse autem. Nisi recusandae accusantium illo accusamus.','Quis minima repudiandae totam nobis corrupti quo consequuntur.
Ducimus illo ipsa inventore harum voluptatum quis. Accusamus quibusdam repudiandae exercitationem veniam deleniti nemo.','Dolor nesciunt laborum sint repellat nihil libero. At at labore ullam.
Autem repudiandae sint nobis repellat. Perferendis illum nisi architecto unde.
Molestias autem porro at deleniti fugit. Sint tempore exercitationem maxime aspernatur.',NULL,'580 Jonathan Rapid Apt. 589
Richardview, OK 17705-7998','Cum laudantium in eveniet rem ad. Quasi repellendus vero maiores accusantium debitis dolore.','Possimus sit dolore repellat. Itaque ducimus nisi voluptatem temporibus modi eaque corporis.','Iusto nam.','Voluptatum alias nemo eligendi repellat. Optio odio autem mollitia aperiam nam a.',NULL,'Eveniet.');
INSERT INTO Customers(CustomerID,CompanyName,ContactName,ContactTitle,Picture,Address,City,Region,PostalCode,Country,Phone,Fax) VALUES('2088145133','Non quo id nesciunt soluta commodi non nostrum. Dolorum voluptas quibusdam sapiente molestias minima.
Debitis fuga maxime placeat. Illo blanditiis tempora itaque esse nesciunt non omnis. Culpa voluptate fugiat molestias.','Eaque praesentium recusandae ipsam nulla illo atque. Numquam rerum doloremque doloremque nobis aliquid eius. Veritatis iusto maiores nulla ratione.
Architecto fugit facilis quia. Voluptate voluptas sit. Commodi dignissimos eius enim atque tenetur.',NULL,'Sapiente nesciunt hic similique neque delectus. Repellendus voluptas enim dignissimos.','1242 Karen Plaza Apt. 570
Lake Michaeltown, MT 75074','Dicta culpa perferendis delectus id temporibus. Laborum quisquam illum voluptas ab ipsum. Reiciendis consequatur fuga eius est minima.','Voluptatem in at qui dolor sequi. Hic amet aut voluptatem odit eum.','Libero ipsa.','Dignissimos error aspernatur ratione.',NULL,NULL);
INSERT INTO Customers(CustomerID,CompanyName,ContactName,ContactTitle,Picture,Address,City,Region,PostalCode,Country,Phone,Fax) VALUES('240110956','Ex animi nisi tempora fuga voluptatum. Non rerum repudiandae magni eaque perspiciatis. Labore nisi rem nisi molestias consequatur.
Vel eaque odit voluptatem aliquam odit itaque. Illo unde deserunt. Quia tempore mollitia porro neque dolor ducimus.','Consectetur deleniti iste. Mollitia in id quam magni nostrum blanditiis.
Temporibus expedita voluptatum nemo sunt voluptatibus. Quod atque natus error unde quo distinctio voluptates.
Voluptas minus enim ad. Illum nemo cum sint quaerat nihil.',NULL,NULL,'56652 Katelyn Lights Suite 569
South Jennifer, WV 37259','Id iure possimus beatae nam accusantium. Impedit mollitia quisquam ut nisi.','Beatae ex doloremque esse est iure dignissimos. Debitis veritatis a soluta fugit.','Animi molestiae.','Officia possimus asperiores architecto cupiditate. Modi neque omnis error suscipit. Doloremque beatae libero.','Optio ipsa.','Dignissimos.');
INSERT INTO Customers(CustomerID,CompanyName,ContactName,ContactTitle,Picture,Address,City,Region,PostalCode,Country,Phone,Fax) VALUES('1556392881','Dolorem explicabo architecto natus eos modi adipisci nostrum. Eaque delectus perferendis nemo officiis. Aut quaerat nobis veritatis labore.
In fuga tempora quaerat similique. Tenetur a consequuntur facere temporibus. Accusantium occaecati sed debitis et.','At nobis a molestias. Nihil tempore quisquam odit repellendus eaque. Nobis aperiam neque quod minima laudantium quaerat.
Laborum ullam quaerat consequatur. Labore qui eaque in earum eius commodi.','Eveniet qui voluptates nisi fugiat vero. Consectetur mollitia optio iusto temporibus.
Adipisci magnam qui ratione earum fugiat. Dolor corrupti itaque. Vitae possimus atque.',NULL,'4154 Tammy Fall
New Kelly, FM 77641-2633','Ipsam a dicta ducimus ea corrupti omnis. Illo impedit quos nam aperiam aperiam ex. Tempora quas minima culpa iure aut.','Libero dicta facere quae ut doloremque maiores. Corrupti quo quam cumque.','Quae nesciunt iste.','Aspernatur ut beatae temporibus laudantium quis possimus.',NULL,'Aliquam quam.');
INSERT INTO Customers(CustomerID,CompanyName,ContactName,ContactTitle,Picture,Address,City,Region,PostalCode,Country,Phone,Fax) VALUES('1616541166','Totam libero voluptates amet perspiciatis velit odio. Deleniti dolore eveniet quibusdam totam et. Error esse recusandae natus.
Rem debitis sit optio ipsam a. Vel nobis optio unde itaque blanditiis. Excepturi saepe reiciendis occaecati numquam soluta.','Labore accusantium maiores vel porro. Provident ea distinctio laudantium laboriosam.
Nesciunt sapiente sit accusamus reprehenderit perspiciatis error voluptate. Vel dolorem aliquid similique.','Assumenda ab expedita natus. Consequuntur consequatur enim. Laborum ipsum quia similique labore labore ut.
Tempora officia minima natus. Eum quibusdam unde veniam quidem error nulla.','Nihil fugit doloremque harum debitis sed. Omnis possimus necessitatibus voluptate facilis.','642 Lisa Estates Apt. 209
New Christopher, HI 02121-3020','Esse provident dolorum molestiae saepe unde dicta ducimus.
Eveniet similique quam quo. Voluptas nisi fuga.','Laudantium asperiores sequi quis. Dolore iusto dolor in error deleniti.','Delectus provident.','Ducimus tenetur soluta. Quod perspiciatis ad tempora expedita eum. Aut earum expedita quibusdam at aliquid odit quis.',NULL,'Enim modi.');
INSERT INTO Customers(CustomerID,CompanyName,ContactName,ContactTitle,Picture,Address,City,Region,PostalCode,Country,Phone,Fax) VALUES('607741365','Excepturi maxime totam facere optio. Ratione magni debitis voluptatum dignissimos dignissimos. Tempora iusto dolores optio tenetur.','Atque sit architecto laboriosam reiciendis. Fuga repellendus fuga reprehenderit nostrum.
Ea tenetur necessitatibus eos quasi totam totam. Unde deserunt labore reprehenderit iure.',NULL,NULL,'PSC 4654, Box 3280
APO AA 46123-2841','At repellendus nostrum dignissimos facere placeat ad. Excepturi sint accusantium.
Non a inventore repellat quia fuga possimus.','Nesciunt commodi consequuntur voluptate impedit quis non.','Quam ullam veniam.','Possimus eius non ab deserunt. Debitis ad itaque nemo.','Occaecati.',NULL);
INSERT INTO Customers(CustomerID,CompanyName,ContactName,ContactTitle,Picture,Address,City,Region,PostalCode,Country,Phone,Fax) VALUES('1974073822','Commodi voluptates quibusdam minus magni repudiandae. Ratione quis doloribus. Aperiam rem alias ipsum beatae autem.
Consequatur tenetur explicabo nesciunt eligendi quod. Atque aspernatur rem facilis debitis.','Perspiciatis sunt iste nam delectus libero quibusdam. Quod nostrum fuga quisquam neque facilis.
Beatae autem itaque odit molestias sunt modi.',NULL,NULL,'3034 Barbara Burgs
Brendafurt, MO 14888-3600','Quisquam illo commodi inventore consequuntur incidunt eligendi. Iste nobis quaerat cupiditate expedita inventore ratione.','Qui maiores dignissimos harum nostrum. Libero saepe consequuntur at voluptates placeat.','Suscipit beatae.','Quasi commodi quasi sunt. Alias quae eius.','Quaerat vel.','Praesentium.');
INSERT INTO Customers(CustomerID,CompanyName,ContactName,ContactTitle,Picture,Address,City,Region,PostalCode,Country,Phone,Fax) VALUES('903675714','Fugit vel ipsum ex eligendi sint dolorum ipsa. Debitis nisi mollitia accusantium.
Dolor veniam illo. Expedita sunt explicabo quia libero doloremque nesciunt. Cum vitae maiores illo consectetur cum.
Laboriosam fuga inventore numquam iusto unde amet.','Autem tempore ad officia velit. Nam laborum provident dicta.
Atque in odio pariatur iusto et aut. Molestiae placeat sed ex corrupti voluptatum. Sunt assumenda minima ipsum repudiandae rem at.','Accusamus natus cumque officiis quas voluptate. Sunt accusamus distinctio magnam ut possimus dolorem voluptatem. Expedita voluptas quam porro dicta aspernatur maiores.',NULL,'1270 Day Alley Apt. 597
Owensfort, MO 14808-9219','Sit aliquid nemo deserunt doloribus. Impedit beatae sit doloremque maiores quisquam harum.','Iusto modi deserunt accusantium natus sed. Facere adipisci minus asperiores eveniet.','Tempora recusandae.','Magnam minus dolorum dolor consectetur saepe.
Nisi vitae possimus sunt et eaque eaque. Velit repellat sequi cupiditate.','Dolores eius.',NULL);
INSERT INTO Customers(CustomerID,CompanyName,ContactName,ContactTitle,Picture,Address,City,Region,PostalCode,Country,Phone,Fax) VALUES('956574513','Dicta perferendis vero veritatis neque consectetur. Vel itaque harum itaque perspiciatis saepe dicta. Illo veritatis porro voluptas.
Nostrum necessitatibus voluptatem repudiandae. Quos minima quibusdam eaque similique.','Magni iusto assumenda iste. Nulla at minima sit dolore.
Doloribus aliquam repellat impedit illum officiis. Minus numquam deserunt itaque cum eum exercitationem culpa.','Doloremque doloremque ex quidem corrupti. Unde beatae rem sunt.
Ipsa illo ducimus excepturi animi aliquid. Itaque beatae labore repellendus optio.
Laudantium impedit ea ipsa. Accusantium ullam tempora neque alias quibusdam.','Sed praesentium incidunt. Tenetur sequi deserunt et dolore quia atque. Placeat magnam rerum.','88333 Donald Ways Apt. 154
West Crystalburgh, AL 48240-4258','Vitae mollitia dolorum odit iste autem. Ab ad accusantium architecto assumenda pariatur. Dolor eligendi delectus quis unde totam vitae.','Blanditiis iste tenetur itaque. Accusamus alias voluptas molestiae ipsam minima.','Architecto.','Impedit possimus et quisquam ipsa aut. Dignissimos deserunt quas. Fugiat asperiores nihil sequi.',NULL,'Veniam illum.');
INSERT INTO Customers(CustomerID,CompanyName,ContactName,ContactTitle,Picture,Address,City,Region,PostalCode,Country,Phone,Fax) VALUES('1256803696','Facere facilis magnam ipsa reprehenderit. Modi impedit sit expedita. Sed officiis qui porro ipsum maiores deleniti.
In atque recusandae illum. Aliquam laudantium aspernatur porro officia expedita beatae. Quasi eaque quos soluta quibusdam voluptatibus.','Dolor provident ut officiis. Corrupti iure nihil corporis ea. Itaque iusto consequuntur soluta cum consectetur enim. Placeat doloremque voluptate praesentium molestias placeat.
Autem blanditiis explicabo maxime. Deleniti perspiciatis sint.',NULL,'Maiores aliquid laboriosam. Inventore dolorum quam fugit. Soluta corporis praesentium consectetur.','284 Oconnor Lake Apt. 418
Port Michael, CA 07863','A sunt quia ipsum ab. Nam aliquam sunt natus eaque. Quidem nihil architecto.','Necessitatibus aliquam quod saepe deleniti ab iste. Repudiandae nam alias eius nulla.','Architecto eaque.','Sequi quis exercitationem delectus.
Ea voluptas similique veniam iure. Iure hic repellat repellendus.','Consequatur.',NULL);
INSERT INTO Customers(CustomerID,CompanyName,ContactName,ContactTitle,Picture,Address,City,Region,PostalCode,Country,Phone,Fax) VALUES('1934964695','Recusandae nostrum iure esse dolor veniam explicabo dolor.
Doloremque exercitationem accusantium. Ad quasi qui reprehenderit quibusdam omnis. Vitae commodi velit reiciendis nemo fugit perspiciatis.','Modi incidunt facere modi a enim. Maxime fugit ipsum fugiat excepturi libero deleniti.
Soluta illo vero tempore autem et voluptate. Iure voluptate saepe reprehenderit aut consequuntur quasi. Aut ullam provident quasi ratione quo.',NULL,NULL,'93037 Kimberly Springs Apt. 687
Sarahshire, AK 97939','Ipsam a repudiandae quo aut reiciendis. Ad optio laudantium pariatur necessitatibus hic.','Ducimus natus error eveniet.','Officiis debitis.','Voluptatibus aliquam eum assumenda. Nesciunt dignissimos consequuntur dignissimos ipsa consectetur.',NULL,'Rerum amet.');
INSERT INTO Customers(CustomerID,CompanyName,ContactName,ContactTitle,Picture,Address,City,Region,PostalCode,Country,Phone,Fax) VALUES('1118120118','Nemo nisi vero quas fuga veniam molestiae. Repudiandae neque labore incidunt numquam nemo fugiat. Reiciendis esse excepturi.','Voluptates in quis modi. Similique cum sed quibusdam error porro porro.
Placeat voluptas ipsa deserunt dolor. Quo possimus reiciendis ipsa. Doloremque odit delectus velit. Inventore blanditiis eius sequi.',NULL,'Commodi voluptates consequatur fugit eligendi.','4189 Jim Vista
Lake Katherineburgh, WV 76738','Aperiam fugiat velit veniam. Incidunt natus error quidem blanditiis. Vel veritatis expedita quis illo totam.','Ratione corporis reprehenderit nostrum sequi facilis.','Facilis vitae.','Ad nisi velit ipsum eveniet qui. Dolor earum expedita eum. Rem natus perspiciatis hic dolorum vero.','Placeat eos.','Modi quia nam.');
INSERT INTO Customers(CustomerID,CompanyName,ContactName,ContactTitle,Picture,Address,City,Region,PostalCode,Country,Phone,Fax) VALUES('1109606637','Vel aliquid repellendus quia eveniet. Perspiciatis quasi accusamus eaque. Tempore laudantium voluptates at rem. Debitis repellat aut corrupti corrupti veritatis dolorum.','Reprehenderit veritatis ut porro. Rem recusandae eum praesentium laboriosam.
Porro labore natus hic aliquam maiores. Natus similique impedit quia voluptas tempore sapiente.',NULL,NULL,'11493 Mcconnell Ville Suite 331
New Timothyfurt, WI 02724','Quod illo accusamus dolore tenetur ullam accusantium. Fugit unde pariatur nisi explicabo mollitia voluptatum.','Ratione perferendis accusantium dolores enim recusandae similique. Eos perspiciatis sapiente a.','Natus nulla itaque.','Dicta eligendi molestias. Veritatis eaque deleniti error culpa magni.','Optio odit.',NULL);
INSERT INTO Customers(CustomerID,CompanyName,ContactName,ContactTitle,Picture,Address,City,Region,PostalCode,Country,Phone,Fax) VALUES('598938767','Voluptatem tempore aperiam voluptatum officiis. Veniam deserunt corporis animi. Harum libero quibusdam dignissimos quisquam.','Consequuntur perspiciatis unde enim. Dolore asperiores voluptates error mollitia provident.
Hic doloribus magni blanditiis nemo fugit.',NULL,'Dicta autem possimus accusamus. Nihil facere rem nisi vel. Rerum neque quas iure.','317 Daniels Bypass
West Laurenton, UT 85044','Recusandae cum placeat esse voluptatem assumenda fugiat sunt. Unde repudiandae et saepe. Sed deleniti cumque.','Nihil similique fugit numquam deserunt. Error ipsa tempora.','Doloribus dolore.','Quis mollitia voluptatem nam ipsum veritatis necessitatibus. Tempore architecto excepturi.',NULL,'Quaerat ipsa a.');
INSERT INTO Customers(CustomerID,CompanyName,ContactName,ContactTitle,Picture,Address,City,Region,PostalCode,Country,Phone,Fax) VALUES('849223509','Rerum quisquam quae ratione id laborum repellendus. Magni magni blanditiis inventore debitis corrupti. Voluptatum eum quis perspiciatis magni.
Tenetur consectetur nesciunt. Ab quia rerum amet illum dignissimos. Nemo porro ex voluptatem.','Ducimus eligendi aut quaerat. Alias consequuntur perferendis at.
Labore blanditiis quod omnis. Eius nesciunt debitis est molestiae. Maxime odio quas possimus quidem distinctio iste.','Laudantium expedita deserunt dolores.
Expedita provident ab reprehenderit porro ea. Recusandae earum ratione placeat nihil non. Excepturi neque ab ipsum vel. Blanditiis placeat non ipsa perspiciatis esse rem ipsa.','Autem non a et repellat. Amet voluptates sunt. Nobis possimus deserunt ea.','078 Lauren Locks
North Tonyland, FL 33622','Provident maxime necessitatibus occaecati quam modi. Quia velit iusto. Ratione quis repudiandae pariatur.','At in voluptates quidem nobis neque ducimus. Architecto quisquam optio quia quae error doloremque.','Id inventore ex.','Ratione sit libero doloremque quidem nemo nemo. Aliquid ut at veniam iusto. Quidem veritatis quisquam iusto.',NULL,'Iste ex.');
INSERT INTO Customers(CustomerID,CompanyName,ContactName,ContactTitle,Picture,Address,City,Region,PostalCode,Country,Phone,Fax) VALUES('1215438891','Distinctio cum iure dicta enim ex. Omnis perferendis veritatis fuga.
Architecto error possimus ut asperiores delectus architecto. Ex cum quisquam voluptates cum. Necessitatibus nemo delectus ullam incidunt.','Consequuntur fugiat aperiam nulla eligendi incidunt. Dolores veritatis quaerat.
Tempora culpa harum dignissimos unde libero ipsam. Aliquam dolore quidem accusamus deleniti minima.',NULL,'Tempora illo ipsam delectus omnis repellat consequuntur quis. Non dolorum veniam velit possimus.','30036 Simon Point Apt. 757
Villarrealmouth, IN 58127-9317','Temporibus similique hic quam nulla dolor. Voluptate rem culpa dicta rerum.','Animi porro debitis quasi fuga atque. A saepe laboriosam debitis.','Quam quibusdam.','Sint veritatis natus velit. Cumque sunt impedit doloremque maiores corrupti.',NULL,NULL);
INSERT INTO Customers(CustomerID,CompanyName,ContactName,ContactTitle,Picture,Address,City,Region,PostalCode,Country,Phone,Fax) VALUES('1947211912','Quisquam alias vero rerum sunt laudantium. Repellat natus officiis ab exercitationem eius beatae. Nesciunt veritatis ad voluptatibus fugiat.','Minima perspiciatis tempora nam molestiae labore. Alias aliquam quisquam commodi saepe.
Omnis id sapiente. Est quasi quisquam sequi quam reprehenderit totam.
Aliquid accusamus eum earum officiis dolorem. Tempore eligendi ipsa praesentium deserunt iste.','Vitae sequi labore magni labore vitae labore. Numquam illo reiciendis culpa praesentium facere quo. Dolores assumenda et deleniti enim voluptate aliquam molestiae. Laudantium pariatur ipsam quam provident.','Ipsam voluptatum ea nulla ipsam totam. Quasi dignissimos et quam.','401 Stephanie Way
South Danielle, MS 26671','Fugiat culpa repellendus neque. Tempora fugit voluptas ipsam reprehenderit eos beatae.','Nulla esse mollitia quaerat. Iusto voluptas assumenda sed veritatis iste.','Maxime dolorum quod.','Sunt quia perferendis animi illum sunt. Ut perferendis accusamus architecto. Dolor quo distinctio quas excepturi.',NULL,NULL);
INSERT INTO Customers(CustomerID,CompanyName,ContactName,ContactTitle,Picture,Address,City,Region,PostalCode,Country,Phone,Fax) VALUES('201733519','Libero dignissimos repellendus. Fugit necessitatibus sit impedit.
Consequuntur dolores eos. Tempora officia molestias est. Debitis aperiam possimus voluptatem at expedita placeat.','Voluptate maiores iste in nihil facilis. Pariatur animi laudantium animi temporibus. Similique repellendus ipsam adipisci veritatis eaque ducimus quos.
Facilis accusantium et animi beatae. Enim laborum accusantium saepe magni voluptates assumenda.','Atque culpa repudiandae tempore expedita error. Quos nobis beatae aliquam pariatur.
Aspernatur vitae distinctio consectetur. Tenetur quod provident doloribus pariatur. Similique veniam dolorum.','Dolorem deserunt deserunt soluta. Possimus rem minus reprehenderit ex sed.','30301 Jennifer Ways Apt. 675
Maxwellview, SC 62030-2888','Harum accusamus excepturi reprehenderit laboriosam. Impedit dicta provident quos tenetur.','Tenetur aut voluptates illum quas iure nulla. Perferendis aut aliquid animi repellat eius esse.','Voluptatibus quam.','Maxime nulla adipisci quisquam quasi nulla nam. Tempora perspiciatis est dolorem voluptates delectus ad.',NULL,'Similique.');

INSERT INTO OrderDetails(OrderID,CategoryName,Description,Picture) VALUES('568961018','Et iusto at commodi fugit. Assumenda ratione tempora.
Repudiandae animi maxime. Accusantium tenetur tempore aperiam totam nesciunt quia odit. Perferendis architecto doloribus non placeat modi.',NULL,NULL);
INSERT INTO OrderDetails(OrderID,CategoryName,Description,Picture) VALUES('626088817','Vitae ducimus officiis labore perferendis quia autem. Similique error provident architecto unde maiores id. Expedita eaque illum consectetur atque veritatis sequi.
Maiores tempora id fuga velit. Ex aliquam dolor reiciendis.',NULL,NULL);
INSERT INTO OrderDetails(OrderID,CategoryName,Description,Picture) VALUES('2059706268','Accusantium dolores velit accusantium. Ab iusto sit natus soluta.
Saepe nemo minus provident. Placeat reprehenderit dignissimos ad. Necessitatibus sunt autem voluptates cum illo assumenda.',NULL,'Hic optio expedita. Totam a tenetur deleniti.');
INSERT INTO OrderDetails(OrderID,CategoryName,Description,Picture) VALUES('259413790','Iure quod ab odio reiciendis repudiandae quod reprehenderit. Est tempore culpa velit blanditiis. Molestiae nisi officiis sit labore.
Optio amet tempore. Quidem nihil occaecati vitae eveniet quo aliquam recusandae.','Amet eum officiis provident assumenda. Ipsam deleniti cumque exercitationem voluptates est. Deleniti ratione accusantium totam.',NULL);
INSERT INTO OrderDetails(OrderID,CategoryName,Description,Picture) VALUES('946097114','Dolor magnam cupiditate iure ipsam tempora magni. Sit eius facere ea rerum officiis quasi. Laborum dolorum est optio architecto.
Facilis commodi voluptas nobis ullam excepturi sit id. Dolor vero doloribus corporis. Tempore id accusamus magni eaque ipsa.','Minima ad repellat dolores dolorem et. Rerum repellendus ipsa incidunt aliquid praesentium. Iusto aperiam nulla corporis consequuntur numquam.
Numquam porro blanditiis voluptas animi ea. Perspiciatis velit vitae omnis delectus.',NULL);

INSERT INTO Orders(OrderID,CustomerID,EmployeeID,OrderDate,RequeredDate,ShippedDate,ShipVia,Freight,ShipName,ShipAddress,ShipCity,ShipRegion,ShipPostalCode,ShipCountry) VALUES('631944394','1616541166','1633659664','1977-05-10',NULL,'1976-09-29','Minus.',NULL,NULL,'Error.','Deleniti.',NULL,'Totam non.','Ab.');
INSERT INTO Orders(OrderID,CustomerID,EmployeeID,OrderDate,RequeredDate,ShippedDate,ShipVia,Freight,ShipName,ShipAddress,ShipCity,ShipRegion,ShipPostalCode,ShipCountry) VALUES('1655071946','1556392881','981913544','1979-09-22',NULL,'2014-10-04','Veniam.','Sapiente.',NULL,NULL,NULL,NULL,NULL,'Possimus.');
INSERT INTO Orders(OrderID,CustomerID,EmployeeID,OrderDate,RequeredDate,ShippedDate,ShipVia,Freight,ShipName,ShipAddress,ShipCity,ShipRegion,ShipPostalCode,ShipCountry) VALUES('1377650595','201733519','142129338','2016-03-06',NULL,'1993-10-20','Rem.','Quas.',NULL,'Quae quos.',NULL,NULL,NULL,'Modi.');
INSERT INTO Orders(OrderID,CustomerID,EmployeeID,OrderDate,RequeredDate,ShippedDate,ShipVia,Freight,ShipName,ShipAddress,ShipCity,ShipRegion,ShipPostalCode,ShipCountry) VALUES('975719584','1215438891','950039725','1977-11-01',NULL,'2007-08-10',NULL,NULL,NULL,'Nihil.','Dolore.',NULL,NULL,NULL);
INSERT INTO Orders(OrderID,CustomerID,EmployeeID,OrderDate,RequeredDate,ShippedDate,ShipVia,Freight,ShipName,ShipAddress,ShipCity,ShipRegion,ShipPostalCode,ShipCountry) VALUES('1628898663','1118120118','518838518','2014-08-27','1994-04-16','1970-07-06','Cum magni.',NULL,NULL,'Impedit.',NULL,NULL,'Autem.','Libero.');

INSERT INTO Shippers(ShipperID,CompanyName,Phone) VALUES('232939358',NULL,'Ex.');
INSERT INTO Shippers(ShipperID,CompanyName,Phone) VALUES('2130729587',NULL,NULL);

